<?xml version="1.0"?>
<!--?xml-stylesheet type="text/xsl" href="xsl.xsl"?-->
<L:lettera xmlns:L="http://www.history.org/mysteriousLanguage">
	<brano>
		<Alce precisione="2" profondita="5" mano="destra"/>
		<Alce/>
		<Bufalo/>
		<Cervo/>
		<Bufalo/>
		<Bufalo/>
		<Cervo/>
		<Cervo/>
		<Bufalo/>
		<Cervo/>
		<Daino/>
		<Daino/>
		<Daino/>
	</brano>
	<brano>
		<Alce/>
		<Alce/>
		<Alce/>
		<Alce/>
		<Alce/>
		<Bufalo/>
		<Cervo/>
		<Bufalo/>
	</brano>
	<brano>
		<Bufalo/>
	</brano>
	<firma>
		<Poiana/>
		<Salamandra/>
		<Rondine/>
		<Tartaruga/>
	</firma>
</L:lettera>
