<?xml version="1.0"?>
<?xml-stylesheet type="text/xsl" href="xsl.xsl"?>
<lista>
<albergo categoria="5" esaurito="no">
<nome>Hotel Excelsior</nome>
<email>excelsior@hotels.it</email>
</albergo>
<albergo categoria="3" esaurito="si">
<nome>Hotel Miramonti</nome>
<email>miramonti@hotels.it</email>
</albergo>
<albergo categoria="5" esaurito="si">
<nome>Hotel Paradise</nome>
</albergo>
<albergo categoria="1" esaurito="no">
<nome>Pensione Mina</nome>
</albergo>
<albergo categoria="3" esaurito="no">
<nome>Hotel Marconi</nome>
<email>marconi@hotels.it</email>
</albergo>
<albergo categoria="4" esaurito="no">
<nome>Hotel Giardino</nome>
<email>giardino@hotels.it</email>
</albergo>
</lista>
