<?xml version="1.0"?>
<?xml-stylesheet type="text/xsl" href="xsl.xsl"?>
<vini>
	<vino nome='paleo' categoria="bianco">
		<uvaggio>
			<uva tipo="sauvignon" percentuale="70"/>
			<uva tipo="chardonnay" percentuale="30"/>
		</uvaggio>
		<vigneti>
			<vigneto nome='foresta'>
				<superficie>40000</superficie>
				<produzione>45000</produzione>
			</vigneto>
			<vigneto nome='ca ventosa'>
				<superficie>25000</superficie>
				<produzione>25000</produzione>
			</vigneto>
		</vigneti>
	</vino>
	<vino nome='bolgheri' categoria="rosso">
		<uvaggio>
			<uva tipo="sauvignon" percentuale="50"/>
			<uva tipo="merlot" percentuale="50"/>
		</uvaggio>
		<vigneti>
			<vigneto nome='casa del piano'>
				<superficie>35000</superficie>
				<produzione>45000</produzione>
			</vigneto>
		</vigneti>
	</vino>
	<vino nome='poggio' categoria="rosso">
		<uvaggio>
			<uva tipo="sangiovese" percentuale="30"/>
			<uva tipo="aglianico" percentuale="70"/>
		</uvaggio>
		<vigneti>
			<vigneto nome='ca bianca'>
				<superficie>55000</superficie>
				<produzione>75000</produzione>
			</vigneto>
		</vigneti>
	</vino>
</vini>
