<?xml version="1.0"?>
<?xml-stylesheet type="text/xsl" href="xsl.xsl"?>
<conferenza nome="WWW2004">
	<programma data="12/6/2004">
		<appuntamento tipo="talk">
			<dalle>10</dalle>
			<alle>13</alle>
			<relatore>Tim Berners Lee</relatore>
			<titolo> Semantic Web </titolo>
			<descrizione> Semantic Web </descrizione>
			<luogo>A1</luogo>
		</appuntamento>
		<appuntamento tipo="talk">
			<dalle>14</dalle>
			<alle>16</alle>
			<relatore>Jacob Nielsen</relatore>
			<titolo> Usability </titolo>
			<descrizione> Il massino esperto mondiale di usabilità parla di portali</descrizione>
			<luogo>A2</luogo>
		</appuntamento>
		<appuntamento tipo="pranzo">
			<dalle>13</dalle>
			<alle>14</alle>
			<descrizione>Dopo il talk di TBL pranzo sociale!</descrizione>
			<luogo>Restaurant</luogo>
		</appuntamento>
		<appuntamento tipo="intro">
			<dalle>9</dalle>
			<alle>10</alle>
			<relatore> Ted Nelson </relatore>
			<titolo> Benvenuto </titolo>
			<descrizione> Benvenuto ai partecipanti e breve introduzione dei lavori</descrizione>
			<luogo>A1</luogo>
		</appuntamento>
	</programma>
	<programma data="13/6/2004">
		<appuntamento tipo="talk">
			<dalle>9</dalle>
			<alle>12</alle>
			<relatore>Tim Berners Lee</relatore>
			<titolo> Conclusioni </titolo>
			<descrizione> Vari relatori traggono conclusioni sulla conferenza e sui workshop</descrizione>
			<luogo>A1</luogo>
		</appuntamento>
	</programma>
</conferenza>
