<?xml version="1.0"?>
<?xml-stylesheet type="text/xsl" href="xsl.xsl"?>
<aereoporto>
	<volo id="AZ12234" ora="10:00">
		<destinazione>Roma</destinazione>
		<prezzo>230</prezzo>
		<posti_totali>100</posti_totali>
		<posti_liberi>10</posti_liberi>
	</volo>
	<volo id="AZ12444" ora="11:00">
		<destinazione>Milano</destinazione>
		<prezzo>200</prezzo>
		<posti_totali>100</posti_totali>
		<posti_liberi>5</posti_liberi>
	</volo>
	<volo id="AZ223" ora="09:00">
		<destinazione>Parigi</destinazione>
		<prezzo>500</prezzo>
		<posti_totali>180</posti_totali>
		<posti_liberi>20</posti_liberi>
	</volo>
	<volo id="AZ12444" ora="09:30">
		<destinazione>Roma</destinazione>
		<prezzo>190</prezzo>
		<posti_totali>100</posti_totali>
		<posti_liberi>2</posti_liberi>
	</volo>
	<volo id="AZ777" ora="17:30">
		<destinazione>Parigi</destinazione>
		<prezzo>340</prezzo>
		<posti_totali>140</posti_totali>
		<posti_liberi>23</posti_liberi>
	</volo>
	<volo id="AZ7655" ora="11:00">
		<destinazione>Roma</destinazione>
		<prezzo>50</prezzo>
		<posti_totali>100</posti_totali>
		<posti_liberi>32</posti_liberi>
	</volo>
</aereoporto>
